"FTC Sues Block $ 8.5 Billion Deal Combine Makers Coach , Michael Kors"
Verizon Stock Falls After Revenue Misses Expectations
Insurer Earnings Make Hospital Investors Sweat
� Made Advertising � Websites Are Marketing Industry � Latest Messy Situation
PwC Looks Shrink New U.S . Consulting Partner Class More Than 50 %
"Companies Belly Up Cash Buffet , Five Charts"
U.S . Fines Thai Company SCG Plastics $ 20 Million Over Alleged Iran Sanctions Violations
"Real-Estate Agents , Investment Advisers Chafe New Anti-Money-Laundering Rules"
Prologis Warns Slowing Industrial Real-Estate Market
"CSX Revenue , Profit Fall Despite Rising Freight Volumes"
Salesforce Calls AI Emissions Regulations Concerns Grow Over Tech Sector � Carbon Footprint
"FTC Blocks Tapestry , Capri $ 8.5 Billion Merger ."
GE Aerospace � Earnings Are Going Be Strange . Stay Tuned .
Tesla Post Earnings After Tough Start Year
Cathie Wood � Popular ARK Funds Are Sinking Fast
Blackstone � Beleaguered Real-Estate Fund Stems Exodus
Shipping � Global Demand Downturn Is Proving Persistent
Congress Is Close TikTok Ban . These Companies Could Be Next .
JPMorgan � � Bloody Friday � : Why Several Top Financial Advisors Jumped Ship Same Day
� Extraordinary � U.S. government debt may mean prolonged bond-market volatility
2-year Treasury yield fall lowest week sign U.S. economy losing momentum
SEC Climate Disclosure Battle Leaves Investors Little Guidance
America ’ Economy Is No . 1 . That Means Trouble .
"Boeing Burns Through $ 4 Billion Cash , Scales Back 737 MAX Production"
Elon Musk Needs Cheaper Teslas Pay Everything Else He Wants
What Banning TikTok U.S. Would Look Like
The True Cost Megamergers Healthcare : Higher Prices
Crypto Mixer Samourai Wallet ’ Co-founders Arrested Money Laundering
Ecuador ’ Former Comptroller General Convicted Case Tied Odebrecht
Meta ’ Costs Rise Rapidly Zuckerberg Vows Keep Spending AI Arms Race
Jefferies CEO Just Sold $ 65 Million Company Stock . He ’ Buying Yacht .
Meta Stock Plummets After Earnings . The Facebook Parent Is Aggressively Spending More AI.
One Europe ’ Fastest-Growing Energy Companies Wants Slice U.S. Offshore Wind Market
What FTC ’ Ban Means You
The Dream Fed Interest-Rate Cuts Is Slipping Away
Dow Ends Down 375 Points
What ’ Driving Bond Selloff ?
"Southwest Exit Four Airports , Facing Financial Weakness Boeing Problems"
JPMorgan CEO Jamie Dimon Gives Soft Landing Long Odds
New EPA Emissions Rules Squeeze Coal Plants
Meta ’ License Spend AI Gets Checked
Foreign Aid Package Comes With New Sanctions Risks Companies
Copper Still Isn ’ One-Way Bet
Troubling S & P 500 chart suggests stock investor rough road ahead
"This ’ ‘ brink ’ U.S. consumer despite concerning economic data , say TCW"
Smokeless Products Are Future Big Tobacco . This Company Is Losing Race .
Germany Considers Watering Down Plan Scrutinize Chinese Investments
Northrop ’ Rocket Fuel Factory Is Slow Take Off
Tech Spending Still Proves Thorny Some Advertising Companies
Rosenbush ’ Take : Rubrik IPO Reflects Increasingly Difficult Path Startups Face Going Public
Ukraine Aid Lifts Defense Industry Debate Over Profits Reignites
How TikTok Lost War Washington
Luxury Brands Have New Challenge . Ordinary Rich People Are Pulling Back .
Why Fed look likely scramble back hawkish stance
Soaring Treasury Yields Challenge Stock-Market Gains
Paramount Global CEO Bob Bakish Steps Down
Wall Street ’ Home-Buying Spree Faces Crackdown
"Taxes , Tariffs Debt : Investors Start Fear Election"
AI Startups Have Plenty Cash . They Often Don ’ Yet Have Business .
Regulator Investigates Ford ’ Hands-Free Driving System After Fatal Crashes
SoFi Earnings Outlook Disappoints
Japan Intervenes After Yen Slides Against Dollar
Coursera Stock Falls Steeply Guidance Disappoints
Treasury Raises Amount It Expects Borrow . Tax Receipts Are Falling Short .
"Coursera , Chegg stock fall weaker guidance edtech company"
"Paramount ’ Bakish stepping , new CEO office aim ‘ materially streamline operation ’"
Coca-Cola ’ Earnings Growth Is Slowing . Its Results Are Due Tuesday .
Arista Stock Has Been Under Pressure . Why Analyst Is Bullish Ahead Earnings .
AMC ’ stock register biggest decline month preliminary first-quarter result